{
  "naive": {
    "final_relevance": {
      "mean": 0.235,
      "std": 0.12258783698955528,
      "min": 0.1,
      "max": 0.45
    },
    "avg_entropy": {
      "mean": 1.78165634151575,
      "std": 0.027565262074272626,
      "min": 1.7488100246023999,
      "max": 1.8400721527586152
    },
    "relevance_decay": {
      "mean": 0.11,
      "std": 0.0648315123994497,
      "min": -0.03749999999999998,
      "max": 0.19375000000000003
    },
    "stability_score": {
      "mean": 0.7255444489804799,
      "std": 0.02153419934734757,
      "min": 0.6875183810514106,
      "max": 0.7468121832608203
    }
  },
  "full_history": {
    "final_relevance": {
      "mean": 0.2966666666666667,
      "std": 0.09115175245330526,
      "min": 0.11333333333333333,
      "max": 0.38666666666666666
    },
    "avg_entropy": {
      "mean": 1.8906040347718518,
      "std": 0.06826096893603782,
      "min": 1.7705833662514436,
      "max": 1.9566333673248344
    },
    "relevance_decay": {
      "mean": 0.09741750263625265,
      "std": 0.04625434871185586,
      "min": 0.021823489010989017,
      "max": 0.16076406232656235
    },
    "stability_score": {
      "mean": 0.7347571409389042,
      "std": 0.012944366328189114,
      "min": 0.7218965146677321,
      "max": 0.7668341583999752
    }
  },
  "kairos": {
    "final_relevance": {
      "mean": 0.22,
      "std": 0.07005019256546016,
      "min": 0.14285714285714285,
      "max": 0.34285714285714286
    },
    "avg_entropy": {
      "mean": 1.9231263579942446,
      "std": 0.026666491835180477,
      "min": 1.857225865926238,
      "max": 1.9501950996065909
    },
    "relevance_decay": {
      "mean": 0.12841666666666665,
      "std": 0.05277783148344326,
      "min": 0.010773809523809519,
      "max": 0.17922619047619048
    },
    "stability_score": {
      "mean": 0.6956105333144967,
      "std": 0.024192779403197896,
      "min": 0.6328155849045909,
      "max": 0.7218650095775881
    }
  }
}